medication	class_code
ABACAVIR SULFAT	J05AF06
ABACAVI	J05AF06
ABATACEP	L04AA24
ABIRATERONE ACETAT	L02BX03
ABOBOTULINUMTOXIN	N/A
ACAMPROSATE CALCIU	N07BB03
ACARBOS	A10BF01
ACEBUTOLOL 	C07AB04
ACETAMINOPHEN WITH COD	N02AJ06
ACETAZOLAMID	S01EC01
ACETIC ACI	G01AD02
ACETIC ACI	S02AA10
ACETYLCYSTEIN	R05CB01
ACETYLCYSTEIN	S01XA08
ACETYLCYSTEIN	V03AB23
ACITRETI	D05BB02
ACLIDINIUM BROMID	R03BB05
ACYCLOVI	D06BB03
ACYCLOVI	J05AB01
ACYCLOVI	S01AD03
ACYCLOVIR SODIU	D06BB03
ACYCLOVIR SODIU	J05AB01
ACYCLOVIR SODIU	S01AD03
ADALIMUMA	L04AB04
ADAPALEN	D10AD03
ADEFOVIR DIPIVOXI	J05AF08
ADO-TRASTUZUMAB EMTANSIN	L01XC14
AFATINIB DIMALEAT	L01XE13
AFLIBERCEP	L01XX44
AFLIBERCEP	S01LA05
AGALSIDASE BET	A16AB04
ALBENDAZOL	P02CA03
ALBIGLUTID	A10BJ04
ALBUMIN HUMA	B05AA01
ALBUTEROL SULFAT	R03AC02
ALBUTEROL SULFAT	R03CC02
ALCAFTADIN	S01GX11
ALCLOMETASONE DIPROPIONAT	D07AB10
ALCLOMETASONE DIPROPIONAT	S01BA10
ALCOHOL ANTISEPTIC PAD	N/A
ALDESLEUKI	L03AC01
ALENDRONATE SODIU	M05BA04
ALFUZOSIN 	G04CA01
ALGLUCOSIDASE ALF	A16AB07
ALIROCUMA	C10AX14
ALISKIREN HEMIFUMARAT	C09XA02
ALISKIRE	C09XA02
ALITRETINOI	D11AH04
ALITRETINOI	L01XX22
ALLOPURINO	M04AA01
ALMOTRIPTAN MALAT	N02CC05
ALOGLIPTIN BEN	A10BH04
ALOGLIPTIN BENZOAT	A10BH04
ALOSETRON 	A03AE01
ALPHA-1-PROTEINASE INHIBITO	N/A
ALPRAZOLA	N05BA12
ALPROSTADI	C01EA01
ALPROSTADI	G04BE01
ALTRETAMIN	L01XX03
AMANTADINE 	N04BB01
AMBRISENTA	C02KX02
AMCINONID	D07AC11
AMIFOSTINE CRYSTALLIN	V03AF05
AMIKACIN SULFAT	D06AX12
AMIKACIN SULFAT	J01GB06
AMIKACIN SULFAT	S01AA21
AMILORIDE 	C03DB01
AMILORID	C03DB01
AMINO ACIDS 10 	N/A
AMINO ACIDS 5 	N/A
AMINO ACIDS 8 	N/A
AMINOCAPROIC ACI	B02AA01
AMINOLEVULINIC ACID 	L01XD04
AMIODARONE 	C01BD01
AMITRIP 	N06AA09
AMITRIPTYLINE 	N06AA09
AMLODIPINE BE	C08CA01
AMLODIPINE BESYLAT	C08CA01
AMLODIPIN	C08CA01
AMMONIUM LACTAT	N/A
AMOXAPIN	N06AA17
AMOXICILLI	J01CA04
AMPHOTERICIN 	A01AB04
AMPHOTERICIN 	A07AA07
AMPHOTERICIN 	G01AA03
AMPHOTERICIN 	J02AA01
AMPHOTERICIN B LIPID COMPLE	N/A
AMPHOTERICIN B LIPOSOM	N/A
AMPICILLIN SODIU	J01CA51
AMPICILLIN SODIU	J01CR01
AMPICILLIN SODIU	J01RA01
AMPICILLIN TRIHYDRAT	J01CA01
AMPICILLIN TRIHYDRAT	S01AA19
ANAGRELIDE 	L01XX35
ANAKINR	L04AC03
ANASTROZOL	L02BG03
ANIDULAFUNGI	J02AX06
ANTHRALI	D05AC01
ANTHRALIN MICRONIZE	D05AC01
ANTIPYRIN	N02BB04
APIXABA	B01AF02
APOMORPHINE 	G04BE07
APOMORPHINE 	N04BC07
APRACLONIDINE 	S01EA03
APREMILAS	L04AA32
APREPITAN	A04AD12
ARFORMOTEROL TARTRAT	N/A
ARIPIPRAZOL	N05AX12
ARIPIPRAZOLE LAUROXI	N05AX12
ARMODAFINI	N06BA13
ARTEMETHE	P01BE02
ASENAPINE MALEAT	N05AH05
ASPIRI	A01AD05
ASPIRI	B01AC06
ASPIRI	N02BA01
ATAZANAVIR SULFAT	J05AE08
ATENOLO	C07AB03
ATOMOXETINE 	N06BA09
ATORVASTATIN CALCIU	C10AA05
ATOVAQUON	P01AX06
ATROPINE SULFAT	A03BA01
ATROPINE SULFAT	S01FA01
AURANOFI	M01CB03
AXITINI	L01XE17
AZACITIDIN	L01BC07
AZATHIOPRIN	L04AX01
AZELAIC ACI	D10AX03
AZELASTINE 	R01AC03
AZELASTINE 	R06AX19
AZELASTINE 	S01GX07
AZELASTIN	R01AC03
AZELASTIN	R06AX19
AZELASTIN	S01GX07
AZILSARTAN ME	C09CA09
AZILSARTAN MEDOXOMI	C09CA09
AZITHROMYCI	J01FA10
AZITHROMYCI	S01AA26
AZTREONA	J01DF01
AZTREONAM LYSIN	J01DF01
B COMPLEX & C NO.2	N/A
BACITRACI	D06AX05
BACITRACI	J01XX10
BACITRACI	R02AB04
BACLOFE	M03BX01
BALANCED SALT IRRIG SOLN NO.	N/A
BALSALAZIDE DISODIU	A07EC04
BCG LIV	N/A
BECAPLERMI	A01AD08
BECAPLERMI	D03AX06
BECLOMETHASONE DIPROPIONAT	A07EA07
BECLOMETHASONE DIPROPIONAT	D07AC15
BECLOMETHASONE DIPROPIONAT	R01AD01
BECLOMETHASONE DIPROPIONAT	R03BA01
BEDAQUILINE FUMARAT	J04AK05
BELATACEP	L04AA28
BELIMUMA	L04AA26
BENAZEPRIL 	C09AA07
BENAZEPRI	C09AA07
BENDAMUSTINE 	L01AA09
BENZOCAIN	C05AD03
BENZOCAIN	D02BA01
BENZOCAIN	D04AB04
BENZOCAIN	N01BA05
BENZOCAIN	R02AD01
BENZONATAT	R05DB01
BENZTROPINE MESYLAT	N04AC01
BEPOTASTINE BESILAT	N/A
BESIFLOXACIN 	S01AE08
BETAIN	A09AB02
BETAIN	A16AA06
BETAMET ACE	A07EA04
BETAMET ACE	C05AA05
BETAMET ACE	D07AC01
BETAMET ACE	D07XC01
BETAMET ACE	H02AB01
BETAMET ACE	R01AD06
BETAMET ACE	R03BA04
BETAMET ACE	S01BA06
BETAMET ACE	S01CB04
BETAMET ACE	S02BA07
BETAMET ACE	S03BA03
BETAMETHASONE DIPROPIONAT	A07EA04
BETAMETHASONE DIPROPIONAT	C05AA05
BETAMETHASONE DIPROPIONAT	D07AC01
BETAMETHASONE DIPROPIONAT	D07XC01
BETAMETHASONE DIPROPIONAT	H02AB01
BETAMETHASONE DIPROPIONAT	R01AD06
BETAMETHASONE DIPROPIONAT	R03BA04
BETAMETHASONE DIPROPIONAT	S01BA06
BETAMETHASONE DIPROPIONAT	S01CB04
BETAMETHASONE DIPROPIONAT	S02BA07
BETAMETHASONE DIPROPIONAT	S03BA03
BETAMETHASONE VALERAT	A07EA04
BETAMETHASONE VALERAT	C05AA05
BETAMETHASONE VALERAT	D07AC01
BETAMETHASONE VALERAT	D07XC01
BETAMETHASONE VALERAT	H02AB01
BETAMETHASONE VALERAT	R01AD06
BETAMETHASONE VALERAT	R03BA04
BETAMETHASONE VALERAT	S01BA06
BETAMETHASONE VALERAT	S01CB04
BETAMETHASONE VALERAT	S02BA07
BETAMETHASONE VALERAT	S03BA03
BETAMETHASON	A07EA04
BETAMETHASON	C05AA05
BETAMETHASON	D07AC01
BETAMETHASON	D07XC01
BETAMETHASON	H02AB01
BETAMETHASON	R01AD06
BETAMETHASON	R03BA04
BETAMETHASON	S01BA06
BETAMETHASON	S01CB04
BETAMETHASON	S02BA07
BETAMETHASON	S03BA03
BETAXOLOL 	C07AB05
BETAXOLOL 	S01ED02
BETHANECHOL CHLORID	N07AB02
BEVACIZUMA	L01XC07
BEXAROTEN	L01XX25
BICALUTAMID	L02BB03
BIMATOPROS	S01EE03
BISA	A06AB02
BISA	A06AG02
BISMUT	N/A
BISOPROLOL FUMARAT	C07AB07
BLINATUMOMA	L01XC19
BOCEPREVI	J05AP03
BORTEZOMI	L01XX32
BOSENTA	C02KX01
BOSUTINI	L01XE14
BRENTUXIMAB VEDOTI	L01XC12
BREXPIPRAZOL	N05AX16
BRIMONIDINE TARTRAT	D11AX21
BRIMONIDINE TARTRAT	S01EA05
BRINZOLAMID	S01EC04
BROMFENAC SODIU	S01BC11
BROMOCRIPTINE MESYLAT	G02CB01
BROMOCRIPTINE MESYLAT	N04BC01
BROMPHENIRAMIN	R06AB01
BUDESONID	A07EA06
BUDESONID	D07AC09
BUDESONID	R01AD05
BUDESONID	R03BA02
BUMETANID	C03CA02
BUPIVACAINE 	N01BB10
BUPRENORPHIN	N02AE01
BUPRENORPHIN	N07BC01
BUPRENORPHINE 	N02AE01
BUPRENORPHINE 	N07BC01
BUPROPION HB	N/A
BUPROPION 	N06AX12
BUSPIRONE 	N05BE01
BUTABARBITAL SODIU	N/A
BUTAL	N/A
BUTALBI	N/A
BUTALBITA	N/A
BUTENAFINE 	D01AE23
BUTOCONAZOLE NITRAT	G01AF15
BUTORPHANOL TARTRAT	N02AF01
C1 ESTERASE INHIBITO	N/A
C1 ESTERASE INHIBITOR, RECOM	N/A
CABAZITAXE	L01CD04
CABERGOLIN	G02CB03
CABERGOLIN	N04BC06
CABOZANTINIB S-MALAT	L01XE26
CALCIPOTRIEN	D05AX02
CALCITONIN,SALMON,SYNTHETI	N/A
CALCITRIO	A11CC04
CALCITRIO	D05AX03
CALCIUM ACETAT	V03AE07
CALCIUM GLUCONAT	A12AA03
CALCIUM GLUCONAT	D11AX03
CANAGLIFLOZI	A10BK02
CANAKINUMA	L04AC08
CANDESARTAN CILEXETI	C09CA06
CANDESARTA	C09CA06
CAPECITABIN	L01BC06
CAPTOPRI	C09AA01
CARBAMAZEPIN	N03AF01
CARBIDOP	N04BA02
CARBINOXAMINE MALEAT	R06AA08
CARBOPLATI	L01XA02
CARGLUMIC ACI	A16AA05
CARISOPRODO	M03BA02
CARMUSTIN	L01AD01
CARTEOLOL 	C07AA15
CARTEOLOL 	S01ED05
CARVEDILO	C07AG02
CARVEDILOL PHOSPHAT	C07AG02
CASPOFUNGIN ACETAT	J02AX04
CEFACLO	J01DC04
CEFADROXI	J01DB05
CEFAZOLIN SODIU	J01DB04
CEFDINI	J01DD15
CEFEPIME 	J01DE01
CEFIXIM	J01DD08
CEFOTAXIME SODIU	J01DD01
CEFOXITIN SODIU	J01DC01
CEFPODOXIME PROXETI	J01DD13
CEFPROZI	J01DC10
CEFTAROLINE FOSAMIL ACETAT	N/A
CEFTAZIDIM	J01DD02
CEFTAZIDIME IN DEXTROSE5%WATE	N/A
CEFTAZIDIME N	N/A
CEFTIBUTE	J01DD14
CEFTOLOZAN	N/A
CEFTRIAXONE N	N/A
CEFTRIAXONE SODIU	J01DD04
CEFUROXIME AXETI	J01DC02
CEFUROXIME AXETI	S01AA27
CELECOXI	L01XX33
CELECOXI	M01AH01
CEPHALEXI	J01DB01
CERITINI	L01XE28
CERTOLIZUMAB PEGO	L04AB05
CETIRIZINE 	R06AE07
CETUXIMA	L01XC06
CEVIMELINE 	N07AX03
CHENODIO	A05AA01
CHLORAMBUCI	L01AA02
CHLORDIAZEPOXIDE 	N05BA02
CHLORHEXIDINE GLUCONAT	A01AB03
CHLORHEXIDINE GLUCONAT	B05CA02
CHLORHEXIDINE GLUCONAT	D08AC02
CHLORHEXIDINE GLUCONAT	D09AA12
CHLORHEXIDINE GLUCONAT	R02AA05
CHLORHEXIDINE GLUCONAT	S01AX09
CHLORHEXIDINE GLUCONAT	S02AA09
CHLORHEXIDINE GLUCONAT	S03AA04
CHLOROQUINE PHOSPHAT	P01BA01
CHLOROTHIAZID	C03AA03
CHLORPROMAZINE 	N05AA01
CHLORPROPAMID	A10BB02
CHLORTHALIDON	C03BA04
CHLORZOXAZON	M03BB03
CHOLESTYRAMINE (WITH SUGAR	N/A
CHOLESTYRAMIN	C10AC01
CHORIONIC GONADOTROPIN, HUMA	N/A
CICLESONID	R01AD13
CICLESONID	R03BA08
CICLOPIRO	D01AE14
CICLOPIRO	G01AX12
CICLOPIROX OLAMIN	D01AE14
CICLOPIROX OLAMIN	G01AX12
CILOSTAZO	B01AC23
CIMETIDIN	A02BA01
CIMETIDINE 	A02BA01
CINACALCET 	H05BX01
CIPROFLOXACI	J01MA02
CIPROFLOXACI	S01AE03
CIPROFLOXACI	S02AA15
CIPROFLOXACI	S03AA07
CIPROFLOXACIN 	J01MA02
CIPROFLOXACIN 	S01AE03
CIPROFLOXACIN 	S02AA15
CIPROFLOXACIN 	S03AA07
CIPROFLOXACIN LACTAT	J01MA02
CIPROFLOXACIN LACTAT	S01AE03
CIPROFLOXACIN LACTAT	S02AA15
CIPROFLOXACIN LACTAT	S03AA07
CISPLATI	L01XA01
CITALOPRAM HYDROBROMID	N06AB04
CITRIC ACI	A09AB04
CLARITHROMYCI	J01FA09
CLEMASTINE FUMARAT	D04AA14
CLEMASTINE FUMARAT	R06AA04
CLINDAMYCIN 	D10AF01
CLINDAMYCIN 	G01AA10
CLINDAMYCIN 	J01FF01
CLINDAMYCIN PALMITATE 	D10AF01
CLINDAMYCIN PALMITATE 	G01AA10
CLINDAMYCIN PALMITATE 	J01FF01
CLINDAMYCIN PHO	D10AF01
CLINDAMYCIN PHO	G01AA10
CLINDAMYCIN PHO	J01FF01
CLINDAMYCIN PHOSPHAT	D10AF01
CLINDAMYCIN PHOSPHAT	G01AA10
CLINDAMYCIN PHOSPHAT	J01FF01
CLINDAMYCI	D10AF01
CLINDAMYCI	G01AA10
CLINDAMYCI	J01FF01
CLOBAZA	N05BA09
CLOBETASOL PROPIONAT	D07AD01
CLOCORTOLONE PIVALAT	D07AB21
CLOMIPHENE CITRAT	G03GB02
CLOMIPRAMINE 	N06AA04
CLONAZEPA	N03AE01
CLONIDIN	C02AC01
CLONIDIN	N02CX02
CLONIDIN	S01EA04
CLONIDINE 	C02AC01
CLONIDINE 	N02CX02
CLONIDINE 	S01EA04
CLOPIDOGREL BISULFAT	B01AC04
CLORAZEPATE DIPOTASSIU	N05BA05
CLOTRIMAZOL	A01AB18
CLOTRIMAZOL	D01AC01
CLOTRIMAZOL	G01AF02
CLOZAPIN	N05AH02
COBICISTA	V03AX03
CODEINE SULFAT	R05DA04
CODEIN	R05DA04
COLCHICIN	M04AC01
COLESEVELAM 	C10AC04
COLESTIPOL 	C10AC02
COLISTIN (COLISTIMETHATE NA	N/A
COLLAGENASE CLOSTRIDIUM HIST	N/A
CORTICOTROPI	H01AA01
CORTISONE ACETAT	A01AC03
CORTISONE ACETAT	A07EA02
CORTISONE ACETAT	C05AA01
CORTISONE ACETAT	D07AA02
CORTISONE ACETAT	D07XA01
CORTISONE ACETAT	H02AB09
CORTISONE ACETAT	S01BA02
CORTISONE ACETAT	S01CB03
CORTISONE ACETAT	S02BA01
CRIZOTINI	L01XE16
CROFELEME	N/A
CROMOLYN SODIU	A07EB01
CROMOLYN SODIU	D11AH03
CROMOLYN SODIU	R01AC01
CROMOLYN SODIU	R03BC01
CROMOLYN SODIU	S01GX01
CROTAMITO	N/A
CYANOCOBALAMIN (VITAMIN B-12	N/A
CYANOCOBALAMI	B03BA01
CYCLOBENZAPRINE 	M03BX08
CYCLOPENTOLATE 	S01FA04
CYCLOPHOSPHAMID	L01AA01
CYCLOSERIN	J04AB01
CYCLOSPORIN	L04AD01
CYCLOSPORIN	S01XA18
CYCLOSPORINE, MODIFIE	N/A
CYPROHEPTADINE 	R06AX02
CYSTEAMINE BITARTRAT	A16AA04
CYSTEAMINE 	A16AA04
CYSTEAMINE 	S01XA21
CYTARABIN	L01BC01
DABIGATRAN ETEXILATE MESYLAT	B01AE07
DABRAFENIB MESYLAT	L01XE23
DACLATASVIR DIHYDROCHLORID	J05AP07
DALBAVANCIN 	J01XA04
DALFAMPRIDIN	N07XX07
DALTEPARIN SODIUM,PORCIN	N/A
DANAZO	G03XA01
DANTROLENE SODIU	M03CA01
DAPAGLIFLOZIN PROPANEDIO	A10BK01
DAPAGLIFLOZI	A10BK01
DAPSON	D10AX05
DAPSON	J04BA02
DAPTOMYCI	J01XX09
DARBEPOETIN ALFA IN POLYSORBA	N/A
DARIFENACIN HYDROBROMID	G04BD10
DARUNAVIR ETHANOLAT	J05AE10
DARUNAVI	J05AE10
DASATINI	L01XE06
DECITABIN	L01BC08
DEFERASIRO	V03AC03
DEFERIPRON	V03AC02
DEFEROXAMINE MESYLAT	V03AC01
DEGARELIX ACETAT	L02BX02
DELAVIRDINE MESYLAT	J05AG02
DEMECLOCYCLINE 	D06AA01
DEMECLOCYCLINE 	J01AA01
DENOSUMA	M05BX04
DESIPRAMINE 	N06AA01
DESLORATADIN	R06AX27
DESMOPRESSIN (NONREFRIGERATED	N/A
DESMOPRESSIN ACETAT	H01BA02
DESOG-E.ESTRADIO	N/A
DESOGESTREL-ETHINYL ESTRADIO	N/A
DESONID	A07EA06
DESONID	D07AC09
DESONID	R01AD05
DESONID	R03BA02
DESOXIMETASON	D07AC03
DESOXIMETASON	D07XC02
DESVENLAFAXIN	N06AX23
DESVENLAFAXINE FUMARAT	N/A
DESVENLAFAXINE SUCCINAT	N06AX23
DEXAMETHASON	A01AC02
DEXAMETHASON	C05AA09
DEXAMETHASON	D07AB19
DEXAMETHASON	D07XB05
DEXAMETHASON	D10AA03
DEXAMETHASON	H02AB02
DEXAMETHASON	R01AD03
DEXAMETHASON	S01BA01
DEXAMETHASON	S01CB01
DEXAMETHASON	S02BA06
DEXAMETHASON	S03BA01
DEXAMETHASONE SOD PHOSPHAT	A01AC02
DEXAMETHASONE SOD PHOSPHAT	C05AA09
DEXAMETHASONE SOD PHOSPHAT	D07AB19
DEXAMETHASONE SOD PHOSPHAT	D07XB05
DEXAMETHASONE SOD PHOSPHAT	D10AA03
DEXAMETHASONE SOD PHOSPHAT	H02AB02
DEXAMETHASONE SOD PHOSPHAT	R01AD03
DEXAMETHASONE SOD PHOSPHAT	S01BA01
DEXAMETHASONE SOD PHOSPHAT	S01CB01
DEXAMETHASONE SOD PHOSPHAT	S02BA06
DEXAMETHASONE SOD PHOSPHAT	S03BA01
DEXAMETHASONE SODIUM PHOS	A01AC02
DEXAMETHASONE SODIUM PHOS	C05AA09
DEXAMETHASONE SODIUM PHOS	D07AB19
DEXAMETHASONE SODIUM PHOS	D07XB05
DEXAMETHASONE SODIUM PHOS	D10AA03
DEXAMETHASONE SODIUM PHOS	H02AB02
DEXAMETHASONE SODIUM PHOS	R01AD03
DEXAMETHASONE SODIUM PHOS	S01BA01
DEXAMETHASONE SODIUM PHOS	S01CB01
DEXAMETHASONE SODIUM PHOS	S02BA06
DEXAMETHASONE SODIUM PHOS	S03BA01
DEXLANSOPRAZOL	A02BC06
DEXMETHYLPHENIDATE 	N06BA11
DEXTROAMPHETAMINE SULFAT	N06BA02
DEXTROAMPHETAMIN	N06BA02
DEXTROMETHORPHAN HB	N/A
DEXTROSE 10 % IN WATE	N/A
DEXTROSE 5 % AND 0.9 % NAC	N/A
DEXTROSE 5 % IN WATE	N/A
DEXTROSE 5 %-0.2 % NAC	N/A
DEXTROSE 5 %-0.45 % NAC	N/A
DEXTROSE 5%-LACTATED RINGER	N/A
DEXTROSE 50 % IN WATE	N/A
DEXTROSE 70 % IN WATE	N/A
DHCODEINE B	N/A
DIAZEPA	N05BA01
DIAZOXID	C02DA01
DIAZOXID	V03AH01
DICLOFENAC EPOLAMIN	N/A
DICLOFENAC POTASSIU	D11AX18
DICLOFENAC POTASSIU	M01AB05
DICLOFENAC POTASSIU	M02AA15
DICLOFENAC POTASSIU	S01BC03
DICLOFENAC SODIU	D11AX18
DICLOFENAC SODIU	M01AB05
DICLOFENAC SODIU	M02AA15
DICLOFENAC SODIU	S01BC03
DICLOFENAC SUBMICRONIZE	N/A
DICLOXACILLIN SODIU	J01CA51
DICLOXACILLIN SODIU	J01CR50
DICLOXACILLIN SODIU	J01RA01
DICYCLOMINE 	A03AA07
DIDANOSIN	J05AF02
DIETHYLPROPION 	A08AA03
DIFLORASONE DIACETAT	D07AC10
DIFLUNISA	N02BA11
DIFLUPREDNAT	D07AC19
DIGOXI	C01AA05
DIHYDROCODEIN	N02AA08
DIHYDROERGOTAMINE MESYLAT	N02CA01
DILTIAZEM 	C05AE03
DILTIAZEM 	C08DB01
DIMETHYL FUMARAT	N07XX09
DIMETHYL SULFOXID	G04BX13
DIMETHYL SULFOXID	M02AX03
DIPH,PERTUSS(ACELL),TET PE	N/A
DIPH,PERTUSS(ACELL),TET VA	N/A
DIPHENHYDRAMINE 	D04AA32
DIPHENHYDRAMINE 	R06AA02
DIPHENOXYLATE 	N/A
DIPHTH,PERTUSS(ACELL),TET VA	N/A
DIPYRIDAMOL	B01AC07
DISOPYRAMIDE PHOSPHAT	C01BA03
DISULFIRA	N07BB01
DISULFIRA	P03AA04
DIVALPROEX SODIU	N03AG01
DOBUTAMINE 	C01CA07
DOCETAXE	L01CD02
DOFETILID	C01BD04
DOLASETRON MESYLAT	A04AA04
DOLUTEGRAVIR SODIU	J05AX12
DONEPEZIL 	N06DA02
DOPAMINE 	C01CA04
DORIPENE	J01DH04
DORNASE ALF	R05CB13
DORZOLAMIDE 	S01EC03
DORZOLAMID	S01EC03
DOXAZOSIN MESYLAT	C02CA04
DOXEPIN 	N06AA12
DOXERCALCIFERO	H05BX03
DOXORUBICIN 	L01DB01
DOXORUBICIN HCL PEG-LIPOSO	N/A
DOXYCYCLINE CALCIU	A01AB22
DOXYCYCLINE CALCIU	J01AA02
DOXYCYCLINE HYCLAT	A01AB22
DOXYCYCLINE HYCLAT	J01AA02
DOXYCYCLINE MONOHYDRAT	N/A
DRONABINO	A04AD10
DRONEDARONE 	C01BD07
DROSPI	G03AC10
DROSPIRENON	G03AC10
DROXIDOP	C01CA27
DULAGLUTID	A10BJ05
DULOXETINE 	N06AX21
DUTASTERID	G04CB02
ECALLANTID	B06AC03
ECHOTHIOPHATE IODID	S01EB03
ECONAZOLE NITRAT	D01AC03
ECONAZOLE NITRAT	G01AF05
ECULIZUMA	L04AA25
EDOXABAN TOSYLAT	B01AF03
EFAVIREN	J05AG03
EFINACONAZOL	D01AC19
ELETRIPTAN HB	N/A
ELIGLUSTAT TARTRAT	A16AX10
ELOSULFASE ALF	A16AB12
ELTROMBOPAG OLAMIN	B02BX05
ELVITE	J05AX11
ELVITEG	J05AX11
ELVITEGRAVI	J05AX11
EMPAGLIFLOZI	A10BK03
EMTRICITA	J05AF09
EMTRICITABIN	J05AF09
ENALAPRIL MALEAT	C09AA02
ENALAPRI	C09AA02
ENFUVIRTID	J05AX07
ENOXAPARIN SODIU	B01AB05
ENTACAPON	N04BX02
ENTECAVI	J05AF10
ENZALUTAMID	L02BB04
EPINASTINE 	R06AX24
EPINASTINE 	S01GX10
EPINEPHRIN	C01CA03
EPLERENON	C03DA04
EPOETIN ALF	B03XA01
EPOPROSTENOL SODIUM (ARGININE	N/A
EPROSARTAN MESYLAT	C09CA02
ERGOCALCIFEROL (VITAMIN D2	N/A
ERGOLOID MESYLATE	C04AE01
ERGOTAMINE TARTRAT	N02CA02
ERIBULIN MESYLAT	L01XX41
ERLOTINIB 	L01XE03
ERTAPENEM SODIU	J01DH03
ERYTHROMYCIN BAS	N/A
ERYTHROMYCIN ETHYLSUCCINAT	D10AF02
ERYTHROMYCIN ETHYLSUCCINAT	J01FA01
ERYTHROMYCIN ETHYLSUCCINAT	S01AA17
ERYTHROMYCIN LACTOBIONAT	D10AF02
ERYTHROMYCIN LACTOBIONAT	J01FA01
ERYTHROMYCIN LACTOBIONAT	S01AA17
ERYTHROMYCIN STEARAT	D10AF02
ERYTHROMYCIN STEARAT	J01FA01
ERYTHROMYCIN STEARAT	S01AA17
ERYTHROMYCI	D10AF02
ERYTHROMYCI	J01FA01
ERYTHROMYCI	S01AA17
ESCITALOPRAM OXALAT	N06AB10
ESLICARBAZEPINE ACETAT	N03AF04
ESOMEPRAZOLE MAGNESIU	A02BC05
ESOMEPRAZOLE SODIU	A02BC05
ESOMEPRAZOLE STRONTIU	A02BC05
ESTAZOLA	N05CD04
ESTRADIO	G03CA03
ESTRADIOL ACETAT	G03CA03
ESTRADIOL CYPIONAT	G03CA03
ESTRADIOL VALERAT	G03CA03
ESTRAMUSTINE PHOSPHATE SODIU	L01XX11
ESTROGEN,CO	N/A
ESTROGENS, CONJUGATE	G03CA57
ESTROGENS,CONJ.,SYNTHETIC 	N/A
ESTROGENS,CON	N/A
ESTROGENS,ESTERIFIE	N/A
ESTROPIPAT	G03CA07
ESTROPIPAT	G03CC04
ESZOPICLON	N05CF04
ETANERCEP	L04AB01
ETHACRYNIC ACI	C03CC01
ETHAMBUTOL 	J04AK02
ETHINYL ESTRADIO	G03CA01
ETHINYL ESTRADIO	L02AA03
ETHOSUXIMID	N03AD01
ETHOTOI	N03AB01
ETHYNODIOL D-ETHINYL ESTRADIO	N/A
ETIDRONATE DISODIU	M05BA01
ETODOLA	M01AB08
ETONOGESTRE	G03AC08
ETOPOSID	L01CB01
ETRAVIRIN	J05AG04
EVEROLIMU	L01XE10
EVEROLIMU	L04AA18
EVOLOCUMA	C10AX13
EXEMESTAN	L02BG06
EXENATID	A10BJ01
EXENATIDE MICROSPHERE	N/A
EZETIMIB	C10AX09
EZOGABIN	N03AX21
FAMCICLOVI	J05AB09
FAMCICLOVI	S01AD07
FAMOTIDIN	A02BA03
FAMOTIDINE IN NACL,ISO-OS	N/A
FAT EMULSION	N/A
FE FUMARAT	B03AA02
FE FUMARAT	B03AD02
FEBUXOSTA	M04AA03
FELBAMAT	N03AX10
FELODIPIN	C08CA02
FENOFIBRAT	C10AB05
FENOFIBRATE NANOCRYSTALLIZE	N/A
FENOFIBRATE,MICRONIZE	N/A
FENOFIBRIC ACI	C10AB11
FENOFIBRIC ACID (CHOLINE	N/A
FENOPROFEN CALCIU	M01AE04
FENTANY	N01AH01
FENTANY	N02AB03
FENTANYL CITRAT	N01AH01
FENTANYL CITRAT	N02AB03
FERRIC CITRAT	V08CA07
FESOTERODINE FUMARAT	G04BD11
FEXOFENADINE 	R06AX26
FIDAXOMICI	A07AA12
FILGRASTI	L03AA02
FINASTERID	D11AX10
FINASTERID	G04CB01
FINGOLIMOD 	L04AA27
FLAVOXATE 	G04BD02
FLECAINIDE ACETAT	C01BC04
FLUCONAZOL	D01AC15
FLUCONAZOL	J02AC01
FLUCONAZOLE IN DEXTROSE,ISO-O	N/A
FLUCONAZOLE IN NACL,ISO-OS	N/A
FLUCYTOSIN	D01AE21
FLUCYTOSIN	J02AX01
FLUDARABINE PHOSPHAT	L01BB05
FLUDROCORTISONE ACETAT	H02AA02
FLUMAZENI	V03AB25
FLUNISOLID	R01AD04
FLUNISOLID	R03BA03
FLUOCINOLONE ACETONID	C05AA10
FLUOCINOLONE ACETONID	D07AC04
FLUOCINOLONE ACETONID	S01BA15
FLUOCINOLONE ACETONID	S02BA08
FLUOCINOLONE ACETONIDE OI	N/A
FLUOCINOLON	C05AA10
FLUOCINOLON	D07AC04
FLUOCINOLON	S01BA15
FLUOCINOLON	S02BA08
FLUOCINONID	C05AA11
FLUOCINONID	D07AC08
FLUOROMETHOLON	C05AA06
FLUOROMETHOLON	D07AB06
FLUOROMETHOLON	D07XB04
FLUOROMETHOLON	D10AA01
FLUOROMETHOLON	S01BA07
FLUOROMETHOLON	S01CB05
FLUOROMETHOLONE ACETAT	C05AA06
FLUOROMETHOLONE ACETAT	D07AB06
FLUOROMETHOLONE ACETAT	D07XB04
FLUOROMETHOLONE ACETAT	D10AA01
FLUOROMETHOLONE ACETAT	S01BA07
FLUOROMETHOLONE ACETAT	S01CB05
FLUOROURACI	L01BC02
FLUOXETINE 	N06AB03
FLUPHENAZINE DECANOAT	N05AB02
FLUPHENAZINE 	N05AB02
FLURANDRENOLID	D07AC07
FLURAZEPAM 	N05CD01
FLURBIPROFE	M01AE09
FLURBIPROFE	M02AA19
FLURBIPROFE	R02AX01
FLURBIPROFE	S01BC04
FLURBIPROFEN SODIU	M01AE09
FLURBIPROFEN SODIU	M02AA19
FLURBIPROFEN SODIU	R02AX01
FLURBIPROFEN SODIU	S01BC04
FLUTAMID	L02BB01
FLUTICASONE FUROAT	D07AC17
FLUTICASONE FUROAT	R01AD08
FLUTICASONE FUROAT	R01AD12
FLUTICASONE FUROAT	R03BA05
FLUTICASONE FUROAT	R03BA09
FLUTICASONE PROPIONAT	D07AC17
FLUTICASONE PROPIONAT	R01AD08
FLUTICASONE PROPIONAT	R03BA05
FLUTICASON	D07AC17
FLUTICASON	R01AD08
FLUTICASON	R03BA05
FLUVASTATIN SODIU	C10AA04
FLUVOXAMINE MALEAT	N06AB08
FOLIC ACI	B03BB01
FONDAPARINUX SODIU	B01AX05
FORMOTEROL FUMARAT	R03AC13
FOSAMPRENAVIR CALCIU	J05AE07
FOSAPREPITANT DIMEGLUMIN	A04AD12
FOSCARNET SODIU	J05AD01
FOSFOMYCIN TROMETHAMIN	J01XX01
FOSINOPRIL SODIU	C09AA09
FOSINOPRI	C09AA09
FOSPHENYTOIN SODIU	N03AB05
FROVATRIPTAN SUCCINAT	N02CC07
FULVESTRAN	L02BA03
FUROSEMID	C03CA01
GABAPENTI	N03AX12
GABAPENTIN ENACARBI	N/A
GALANTAMINE HB	N/A
GALSULFAS	A16AB08
GANCICLOVI	J05AB06
GANCICLOVI	S01AD09
GANCICLOVIR SODIU	J05AB06
GANCICLOVIR SODIU	S01AD09
GATIFLOXACI	J01MA16
GATIFLOXACI	S01AE06
GAUZE BANDAG	N/A
GEFITINI	L01XE02
GEMCITABINE 	L01BC05
GEMFIBROZI	C10AB04
GENTAMICIN IN NACL, ISO-OS	N/A
GENTAMICIN SULFAT	D06AX07
GENTAMICIN SULFAT	J01GB03
GENTAMICIN SULFAT	S01AA11
GENTAMICIN SULFAT	S02AA14
GENTAMICIN SULFAT	S03AA06
GENTAMICI	D06AX07
GENTAMICI	J01GB03
GENTAMICI	S01AA11
GENTAMICI	S02AA14
GENTAMICI	S03AA06
GLATIRAMER ACETAT	L03AX13
GLIMEPIRID	A10BB12
GLIPIZID	A10BB07
GLUCAGON,HUMAN RECOMBINAN	N/A
GLYBURID	A10BB01
GLYBURIDE,MICRONIZE	N/A
GLYCEROL PHENYLBUTYRAT	A16AX09
GLYCOPYRROLAT	A03AB02
GLYCOPYRROLAT	R03BB06
GOLIMUMA	L04AB06
GOSERELIN ACETAT	L02AE03
GRANISETRO	A04AA02
GRANISETRON 	A04AA02
GRASS POLLEN-TIMOTHY, STANDAR	N/A
GRISEOFULVIN ULTRAMICROSIZ	N/A
GRISEOFULVIN, MICROSIZ	N/A
GUAIFENESI	R05CA03
GUANFACINE 	C02AC02
GUANIDINE 	V09IX01
HAEMOPH B POLY CONJ-TET TO	N/A
HALCINONID	D07AD02
HALOBETASOL PROPIONAT	D07AC21
HALOPERIDO	N05AD01
HALOPERIDOL DECANOAT	N05AD01
HALOPERIDOL LACTAT	N05AD01
H	A01AC03
H	A07EA02
H	C05AA01
H	D07AA02
H	D07XA01
H	H02AB09
H	S01BA02
H	S01CB03
H	S02BA01
HEPARIN SOD,PORK IN 0.45% NAC	N/A
HEPARIN SODIUM,PORCIN	N/A
HEPATITIS A & B VACCIN	N/A
HEPATITIS A VIRUS VACCIN	J07BC01
HEPATITIS B IMMUNE GLOBULI	J06BB04
HEPATITIS B VIRUS VACCIN	J07BC01
HISTRELIN A	L02AE05
HOMATROPINE HB	N/A
HYDRALAZINE 	C02DB02
HYDROCHLOROTHIAZID	C03AA03
HYDROCODONE BI	N/A
HYDROCODONE BITARTRAT	N/A
HYDROCODON	N/A
HYDROCORTISON	A01AC03
HYDROCORTISON	A07EA02
HYDROCORTISON	C05AA01
HYDROCORTISON	D07AA02
HYDROCORTISON	D07XA01
HYDROCORTISON	H02AB09
HYDROCORTISON	S01BA02
HYDROCORTISON	S01CB03
HYDROCORTISON	S02BA01
HYDROCORTISONE ACETAT	A01AC03
HYDROCORTISONE ACETAT	A07EA02
HYDROCORTISONE ACETAT	C05AA01
HYDROCORTISONE ACETAT	D07AA02
HYDROCORTISONE ACETAT	D07XA01
HYDROCORTISONE ACETAT	H02AB09
HYDROCORTISONE ACETAT	S01BA02
HYDROCORTISONE ACETAT	S01CB03
HYDROCORTISONE ACETAT	S02BA01
HYDROCORTISONE BUTYRAT	A01AC03
HYDROCORTISONE BUTYRAT	A07EA02
HYDROCORTISONE BUTYRAT	C05AA01
HYDROCORTISONE BUTYRAT	D07AA02
HYDROCORTISONE BUTYRAT	D07AB02
HYDROCORTISONE BUTYRAT	D07XA01
HYDROCORTISONE BUTYRAT	H02AB09
HYDROCORTISONE BUTYRAT	S01BA02
HYDROCORTISONE BUTYRAT	S01CB03
HYDROCORTISONE BUTYRAT	S02BA01
HYDROCORTISONE SOD SUC	A01AC03
HYDROCORTISONE SOD SUC	A07EA02
HYDROCORTISONE SOD SUC	C05AA01
HYDROCORTISONE SOD SUC	D07AA02
HYDROCORTISONE SOD SUC	D07XA01
HYDROCORTISONE SOD SUC	H02AB09
HYDROCORTISONE SOD SUC	S01BA02
HYDROCORTISONE SOD SUC	S01CB03
HYDROCORTISONE SOD SUC	S02BA01
HYDROCORTISONE SOD SUCCINAT	A01AC03
HYDROCORTISONE SOD SUCCINAT	A07EA02
HYDROCORTISONE SOD SUCCINAT	C05AA01
HYDROCORTISONE SOD SUCCINAT	D07AA02
HYDROCORTISONE SOD SUCCINAT	D07XA01
HYDROCORTISONE SOD SUCCINAT	H02AB09
HYDROCORTISONE SOD SUCCINAT	S01BA02
HYDROCORTISONE SOD SUCCINAT	S01CB03
HYDROCORTISONE SOD SUCCINAT	S02BA01
HYDROCORTISONE VALERAT	A01AC03
HYDROCORTISONE VALERAT	A07EA02
HYDROCORTISONE VALERAT	C05AA01
HYDROCORTISONE VALERAT	D07AA02
HYDROCORTISONE VALERAT	D07XA01
HYDROCORTISONE VALERAT	H02AB09
HYDROCORTISONE VALERAT	S01BA02
HYDROCORTISONE VALERAT	S01CB03
HYDROCORTISONE VALERAT	S02BA01
HYDROMORPHONE 	N02AA03
HYDROXYCHLOROQUINE SULFAT	P01BA02
HYDROXYPROPYL CELLULOS	S01KA02
HYDROXYURE	L01XX05
HYDROXYZINE 	N05BB01
HYDROXYZINE PAMOAT	N05BB01
HYOSCYAMINE SULFAT	A03BA03
IBANDRONATE SODIU	M05BA06
IBRUTINI	L01XE27
IBUPROFE	C01EB16
IBUPROFE	G02CC01
IBUPROFE	M01AE01
IBUPROFE	M02AA13
IBUPROFE	R02AX02
ICATIBANT ACETAT	B06AC02
ICOSAPENT ETHY	N/A
IDELALISI	L01XX47
IDURSULFAS	A16AB09
IG	N/A
ILOPERIDON	N05AX14
ILOPROST TROMETHAMIN	B01AC11
IMATINIB MESYLAT	L01XE01
IMIGLUCERAS	A16AB02
IMIPENE	N/A
IMIPRAMINE 	N06AA06
IMIPRAMINE PAMOAT	N06AA02
IMIQUIMO	D06BB10
IMM GLOB G (IGG	N/A
IMMUN GLOB G (IGG	N/A
IMMUN GLOB G(IGG	N/A
IMMUN GLOB 	J06BB04
IMMUNE GLOBUL G (IGG	N/A
INCOBOTULINUMTOXIN	N/A
INDACATEROL MALEAT	R03AC18
INDAPAMID	C03BA11
INDINAVIR SULFAT	J05AE02
INDOMETHACI	C01EB03
INDOMETHACI	M01AB01
INDOMETHACI	M02AA23
INDOMETHACI	S01BC01
INFLIXIMA	L04AB02
INGENOL MEBUTAT	D06BX02
INSULIN ASPAR	A10AB05
INSULIN ASPAR	A10AD05
INSULIN ASPART PROTAM & ASPAR	N/A
INSULIN DETEMI	A10AE05
INSULIN GLARGINE,HUM.R	N/A
INSULIN GLULISIN	A10AB06
INSULIN LISPR	A10AB04
INSULIN LISPR	A10AC04
INSULIN LISPR	A10AD04
INSULIN LISPRO PROTAMI	N/A
INSULIN NPH HU	N/A
INSULIN NPH HUMAN ISOPHAN	N/A
INSULIN PUMP CARTRIDG	N/A
INSULIN REGULAR, HUMA	N/A
INTERFERON ALFA-2B,RECOMB	N/A
INTERFERON BETA-1	L03AB08
INTERFERON GAMMA-1B,RECOMB	N/A
IPILIMUMA	L01XC11
IPRATROPIUM BROMID	R01AX03
IPRATROPIUM BROMID	R03BB01
IPRATROPIU	R01AX03
IPRATROPIU	R03BB01
IRBESARTA	C09CA04
IRINOTECAN 	L01XX19
IRON PS CMPL	N/A
IRON,CARBONY	N/A
ISAVUCONAZONIUM SULFAT	N/A
ISOCARBOXAZI	N06AF01
ISONIAZI	J04AC01
ISOSORB DINI	C01DA08
ISOSORB DINI	C05AE02
ISOSORBIDE DINITRAT	C01DA08
ISOSORBIDE DINITRAT	C05AE02
ISOSORBIDE MONONITRAT	C01DA14
ISOTRETINOI	D10AD04
ISOTRETINOI	D10BA01
ISRADIPIN	C08CA03
ITRACONAZOL	J02AC02
IVABRADINE 	C01EB17
IVACAFTO	R07AX02
IVERMECTI	D11AX22
IVERMECTI	P02CF01
IXABEPILON	L01DC04
JAPANESE ENCEPHALITIS VAC	J07BA02
KETOCONAZOL	D01AC08
KETOCONAZOL	G01AF11
KETOCONAZOL	J02AB02
KETOPROFE	M01AE03
KETOPROFE	M02AA10
KETOROLAC TROMETHAMIN	M01AB15
KETOROLAC TROMETHAMIN	S01BC05
L-NORGES	N/A
LABETALOL 	C07AG01
LACOSAMID	N03AX18
LACTULOS	A06AD11
LAMIVUDIN	J05AF05
LAMOTRIGIN	N03AX09
LANREOTIDE ACETAT	H01CB03
LANSOPRAZOL	A02BC03
LANTHANUM CARBONAT	V03AE03
LAPATINIB DITOSYLAT	L01XE07
LARONIDAS	A16AB05
LATANOPROS	S01EE01
LEDIPASVI	N/A
LEFLUNOMID	L04AA13
LENALIDOMID	L04AX04
LENVATINIB MESYLAT	L01XE29
LETROZOL	L02BG04
LEUCOVORIN CALCIU	V03AF03
LEUPROLIDE ACETAT	L02AE02
LEVALBUTEROL 	N/A
LEVALBUTEROL TARTRAT	N/A
LEVETIRACETA	N03AX14
LEVETIRACETAM IN NACL (ISO-OS	N/A
LEVOBUNOLOL 	S01ED03
LEVOCARNITIN	A16AA01
LEVOCARNITINE (WITH SUGAR	N/A
LEVOCETIRIZINE DIHYDROCHLORID	R06AE09
LEVOFLOXACI	J01MA12
LEVOFLOXACI	S01AE05
LEVOLEUCOVORIN CALCIU	V03AF04
LEVOMEFOLAT	N/A
LEVOMILNACIPRAN HYDROCHLORID	N/A
LEVONORGESTREL-ETHIN ESTRADIO	N/A
LEVORPHANOL TARTRAT	N/A
LEVOTHYROXINE SODIU	N/A
LIDOCAIN	C01BB01
LIDOCAIN	C05AD01
LIDOCAIN	D04AB01
LIDOCAIN	N01BB02
LIDOCAIN	R02AD02
LIDOCAIN	S01HA07
LIDOCAIN	S02DA01
LIDOCAINE 	C01BB01
LIDOCAINE 	C05AD01
LIDOCAINE 	D04AB01
LIDOCAINE 	N01BB02
LIDOCAINE 	R02AD02
LIDOCAINE 	S01HA07
LIDOCAINE 	S02DA01
LINACLOTID	A06AX04
LINAGLIPTI	A10BH05
LINCOMYCIN 	J01FF02
LINDAN	P03AB02
LINEZOLI	J01XX08
LINEZOLID-0.9% SODIUM CHLORID	N/A
LIOTHYRONINE SODIU	N/A
LIPAS	N/A
LIRAGLUTID	A10BJ02
LISDEXAMFETAMINE DIMESYLAT	N06BA12
LISINOPRI	C09AA03
LITHIUM CARBONAT	N05AN01
LITHIUM CITRAT	N05AN01
LODOXAMIDE TROMETHAMIN	S01GX05
LOMITAPIDE MESYLAT	C10AX12
LOMUSTIN	L01AD02
LOPERAMIDE 	A07DA03
LOPINAVI	N/A
LORAZEPA	N05BA06
LORCASERIN 	A08AA11
LOSARTAN POTASSIU	C09CA01
LOSARTA	C09CA01
LOTEPREDNOL ETABONAT	S01BA14
LOVASTATI	C10AA02
LOXAPINE SUCCINAT	N05AH01
LUBIPROSTON	A06AX03
LULICONAZOL	D01AC18
LUMACAFTO	N/A
LURASIDONE 	N05AE05
MACITENTA	C02KX04
MAFENIDE ACETAT	D06BA03
MAGNESIUM SULFAT	A06AD04
MAGNESIUM SULFAT	A12CC02
MAGNESIUM SULFAT	B05XA05
MAGNESIUM SULFAT	D11AX05
MAGNESIUM SULFAT	V04CC02
MAGNESIUM SULFATE IN WATE	N/A
MALATHIO	P03AX03
MANNITO	A06AD16
MANNITO	B05BC01
MANNITO	B05CX04
MANNITO	R05CB16
MAPROTILINE 	N06AA21
MARAVIRO	J05AX09
MEASLES,MUMPS&RUBELLA VAC	N/A
MECHLORETHAMINE 	L01AA05
MECLIZINE 	R06AE05
MECLOFENAMATE SODIU	M01AG04
MECLOFENAMATE SODIU	M02AA18
MEDROXYPROGESTERONE ACETAT	G03AC06
MEDROXYPROGESTERONE ACETAT	G03DA02
MEDROXYPROGESTERONE ACETAT	L02AB02
MEFENAMIC ACI	M01AG01
MEFLOQUINE 	P01BC02
MEGESTROL ACETAT	G03AC05
MEGESTROL ACETAT	G03DB02
MEGESTROL ACETAT	L02AB01
MELOXICA	M01AC06
MELPHALA	L01AA03
MEMANTINE 	N06DX01
MENING VAC A,C,Y,W-135 DI	N/A
MENINGOCOC VAC A,C,Y,W-13	N/A
MEPENZOLATE BROMID	A03AB12
MEPERIDINE 	N02AB02
MEPROBAMAT	N05BC01
MERCAPTOPURIN	L01BB02
MEROPENE	J01DH02
MEROPENEM-0.9% SODIUM CHLORID	N/A
MESALAMIN	A07EC02
MESALAMINE 	A07EC02
MESN	R05CB05
MESN	V03AF01
METAPROTERENOL SULFAT	R03AB03
METAPROTERENOL SULFAT	R03CB03
METAXALON	N/A
METFORMIN 	A10BA02
METHADONE 	N07BC02
METHAMPHETAMINE 	N06BA03
METHAZOLAMID	S01EC05
METHE	J01XX05
METHENAMINE HIPPURAT	J01XX05
METHENAMINE MANDELAT	J01XX05
METHIMAZOL	H03BB02
METHOCARBAMO	M03BA03
METHOTREXATE SODIU	L01BA01
METHOTREXATE SODIU	L04AX03
METHOTREXAT	L01BA01
METHOTREXAT	L04AX03
METHOXSALEN, RAPI	N/A
METHSCOPOLAMINE BROMID	N/A
METHSUXIMID	N03AD03
METHYCLOTHIAZID	C03AA08
METHYLDOP	C02AB01
METHYLERGONOVINE MALEAT	G02AB01
METHYLNALTREXONE BROMID	A06AH01
METHYLPHENIDAT	N06BA04
METHYLPHENIDATE 	N06BA04
METHYLPREDNISOLON	D07AA01
METHYLPREDNISOLON	D10AA02
METHYLPREDNISOLON	H02AB04
METHYLPREDNISOLONE ACETAT	D07AA01
METHYLPREDNISOLONE ACETAT	D10AA02
METHYLPREDNISOLONE ACETAT	H02AB04
METHYLPREDNISOLONE SOD SUC	D07AA01
METHYLPREDNISOLONE SOD SUC	D10AA02
METHYLPREDNISOLONE SOD SUC	H02AB04
METHYLTESTOSTERON	G03BA02
METHYLTESTOSTERON	G03EK01
METIPRANOLO	S01ED04
METOCLOPRAMIDE 	A03FA01
METOLAZON	C03BA08
METOPROLOL SUCCINAT	C07AB02
METOPROLOL TARTRAT	C07AB02
METOPROLO	C07AB02
METRELEPTI	A16AA07
METRONIDAZOL	A01AB17
METRONIDAZOL	D06BX01
METRONIDAZOL	G01AF01
METRONIDAZOL	J01XD01
METRONIDAZOL	P01AB01
METYROSIN	C02KB01
MEXILETINE 	C01BB02
MICAFUNGIN SODIU	J02AX05
MICONAZOLE NITRAT	A01AB09
MICONAZOLE NITRAT	A07AC01
MICONAZOLE NITRAT	D01AC02
MICONAZOLE NITRAT	G01AF04
MICONAZOLE NITRAT	J02AB01
MICONAZOLE NITRAT	S02AA13
MIDAZOLAM 	N05CD08
MIDODRINE 	C01CA17
MIFEPRISTON	G03XB01
MIGLITO	A10BF02
MIGLUSTA	A16AX06
MILNACIPRAN 	N06AX17
MILRINONE LACTAT	C01CE02
MINOCYCLINE 	A01AB23
MINOCYCLINE 	J01AA08
MINOCYCLINE HCL MICROSPHE	N/A
MINOXIDI	C02DC01
MINOXIDI	D11AX01
MIPOMERSEN SODIU	C10AX11
MIRABEGRO	G04BD12
MIRTAZAPIN	N06AX11
MISOPROSTO	A02BB01
MISOPROSTO	G02AD06
MITOMYCI	L01DC03
MITOTAN	L01XX23
MITOXANTRONE 	L01DB07
MODAFINI	N06BA07
MOEXIPRIL 	C09AA13
MOEXIPRI	C09AA13
MOMETASONE FUROAT	D07AC13
MOMETASONE FUROAT	D07XC03
MOMETASONE FUROAT	R01AD09
MOMETASONE FUROAT	R03BA07
MOMETASON	D07AC13
MOMETASON	D07XC03
MOMETASON	R01AD09
MOMETASON	R03BA07
MONTELUKAST SODIU	R03DC03
MORPHINE SULFAT	N02AA01
MOXIFLOXACIN 	J01MA14
MOXIFLOXACIN 	S01AE07
MOXIFLOXACIN IN NACL (ISO-OSM	N/A
MT	N/A
MUPIROCI	D06AX09
MUPIROCI	R01AX06
MUPIROCIN CALCIU	D06AX09
MUPIROCIN CALCIU	R01AX06
MYCOPHENOLATE MOFETI	L04AA06
MYCOPHENOLATE SODIU	L04AA06
NA PHOS,M-	N/A
NABILON	A04AD11
NABUMETON	M01AX01
NADOLO	C07AA12
NAFCILLIN IN DEXTROSE,ISO-OS	N/A
NAFCILLIN SODIU	J01CF06
NAFTIFINE 	D01AE22
NALBUPHINE 	N02AF02
NALOXEGOL OXALAT	A06AH03
NALOXONE 	A06AH04
NALOXONE 	V03AB15
NALTREXONE 	N07BB04
NALTREXONE MICROSPHERE	N/A
NAPHAZOLINE 	R01AA08
NAPHAZOLINE 	R01AB02
NAPHAZOLINE 	S01GA01
NAPHOS M-B M-	N/A
NAPROXE	G02CC02
NAPROXE	M01AE02
NAPROXE	M02AA12
NAPROXEN SODIU	G02CC02
NAPROXEN SODIU	M01AE02
NAPROXEN SODIU	M02AA12
NARATRIPTAN 	N02CC02
NATALIZUMA	L04AA23
NATAMYCI	A01AB10
NATAMYCI	A07AA03
NATAMYCI	D01AA02
NATAMYCI	G01AA02
NATAMYCI	S01AA10
NATEGLINID	A10BX03
NEBIVOLOL 	C07AB12
NEDOCROMIL SODIU	R01AC07
NEDOCROMIL SODIU	R03BC03
NEDOCROMIL SODIU	S01GX04
NEFAZODONE 	N06AX06
NELFINAVIR MESYLAT	J05AE04
NE	L04AD01
NE	S01XA18
NEOMYCIN S	A01AB08
NEOMYCIN S	A07AA01
NEOMYCIN S	B05CA09
NEOMYCIN S	D06AX04
NEOMYCIN S	J01GB05
NEOMYCIN S	R02AB01
NEOMYCIN S	S01AA03
NEOMYCIN S	S02AA07
NEOMYCIN S	S03AA01
NEOMYCIN SULFAT	A01AB08
NEOMYCIN SULFAT	A07AA01
NEOMYCIN SULFAT	B05CA09
NEOMYCIN SULFAT	D06AX04
NEOMYCIN SULFAT	J01GB05
NEOMYCIN SULFAT	R02AB01
NEOMYCIN SULFAT	S01AA03
NEOMYCIN SULFAT	S02AA07
NEOMYCIN SULFAT	S03AA01
NEOMYCI	A01AB08
NEOMYCI	A07AA01
NEOMYCI	B05CA09
NEOMYCI	D06AX04
NEOMYCI	J01GB05
NEOMYCI	R02AB01
NEOMYCI	S01AA03
NEOMYCI	S02AA07
NEOMYCI	S03AA01
NEPAFENA	S01BC10
NETUPITAN	N/A
NEVIRAPIN	J05AG01
NIACI	A11HA01
NICARDIPINE 	C08CA04
NICOTIN	N07BA01
NIFEDIPIN	C08CA05
NILOTINIB 	L01XE08
NILUTAMID	L02BB02
NIMODIPIN	C08CA06
NINTEDANIB ESYLAT	L01XE31
NISOLDIPIN	C08CA07
NITAZOXANID	P01AX11
NITROFURANTOI	J01XE01
NITROFURANTOIN MACROCRYSTA	N/A
NITROFURANTOIN MONOHY	N/A
NITROGLYCERI	C01DA02
NITROGLYCERI	C05AE01
NIVOLUMA	L01XC17
NIZATIDIN	A02BA04
NORELGESTROMI	N/A
NORETH-ETHINYL ESTRADIO	N/A
NORETHINDRON	G03AC01
NORETHINDRON	G03DC02
NORETHINDRONE AC-ETH ESTRADIO	N/A
NORETHINDRONE ACETAT	G03AC01
NORETHINDRONE ACETAT	G03DC02
NORETHINDRONE-E.ESTRADIOL-IRO	N/A
NORETHINDRONE-ETHINYL ESTRA	N/A
NORETHINDRONE-MESTRANO	N/A
NORGESTIMATE-ETHINYL ESTRADIO	N/A
NORGESTREL-ETHINYL ESTRADIO	N/A
NORTRIPTYLINE 	N06AA10
NUT.TX, METAB.DIS, MV & MIN #	N/A
NYSTATI	A07AA02
NYSTATI	D01AA01
NYSTATI	G01AA01
OCTREOTIDE ACETAT	H01CB02
OCTREOTIDE ACETATE,MI-SPHERE	N/A
OFATUMUMA	L01XC10
OFLOXACI	J01MA02
OFLOXACI	S01AE03
OFLOXACI	S02AA15
OFLOXACI	S03AA07
OLANZAPIN	N05AH03
OLANZAPINE PAMOAT	N05AH03
OLAPARI	L01XX46
OLMESARTAN MEDOXOMI	C09CA08
OLMESARTA	C09CA08
OLODATEROL 	R03AC19
OLOPATADINE 	R01AC08
OLOPATADINE 	S01GX09
OLSALAZINE SODIU	A07EC03
OMACETAXINE MEPESUCCINAT	L01XX40
OMALIZUMA	R03DX05
OMBIT	N/A
OMEGA-3 ACID ETHYL ESTER	N/A
OMEPRAZOL	A02BC01
OMEPRAZOLE MAGNESIU	A02BC05
ONABOTULINUMTOXIN	N/A
ONDANSETRO	A04AA01
ONDANSETRON 	A04AA01
OPIUM TINCTUR	A07DA02
OPIUM TINCTUR	N02AA02
OPIU	N/A
ORLISTA	A08AB01
ORPHENADRINE CITRAT	M03BC01
OSELTAMIVIR PHOSPHAT	J05AH02
OXACILLIN SODIU	J01CF04
OXALIPLATI	L01XA03
OXANDROLON	A14AA08
OXAPROZI	M01AE12
OXAZEPA	N05BA04
OXCARBAZEPIN	N03AF02
OXICONAZOLE NITRAT	D01AC11
OXICONAZOLE NITRAT	G01AF17
OXYBUTYNI	G04BD04
OXYBUTYNIN CHLORID	G04BD04
OXYCODONE 	N02AA05
OXYMETHOLON	A14AA05
OXYMORPHONE 	N/A
PACLITAXE	L01CD01
PACLITAXEL PROTEIN-BOUN	N/A
PALBOCICLI	L01XE33
PALIPERIDON	N05AX13
PALIPERIDONE PALMITAT	N05AX13
PALONOSETRON 	A04AA05
PAMIDRONATE DISODIU	M05BA03
PANITUMUMA	L01XC08
PANOBINOSTAT LACTAT	L01XX42
PANTOPRAZOLE SODIU	A02BC02
PAPAVERINE 	A03AD01
PAPAVERINE 	G04BE02
PARATHYROID HORMON	H05AA03
PAREGORI	N/A
PARENTERAL AMINO ACID 10% NO.	N/A
PARENTERAL AMINO ACID 15% NO.	N/A
PARENTERAL AMINO ACID 20% NO.	N/A
PARICALCITO	H05BX02
PAROMOMYCIN SULFAT	A07AA06
PAROXETINE 	N06AB05
PAROXETINE MESYLAT	N06AB05
PASIREOTIDE DIASPARTAT	H01CB05
PASIREOTIDE PAMOAT	H01CB05
PAZOPANIB 	L01XE11
PEDI M.VIT NO.17 WITH FLUO	N/A
PEDI MV #7	N/A
PEDI MVI NO.1	N/A
PEDI MVI NO.16 WITH FLUO	N/A
PEG 3350-BOWEL 2,TWO PART PRE	N/A
PEG 335	A06AD15
PEG335	N/A
PEGADEMASE BOVIN	L03AX04
PEGFILGRASTI	L03AA13
PEGINTERFERON ALFA-2	L03AB10
PEGINTERFERON BETA-1	L03AB13
PEGVISOMAN	H01AX01
PEMBROLIZUMA	L01XC18
PEMETREXED DISODIU	L01BA04
PEN G BEN	J01CE01
PEN G BEN	S01AA14
PEN G PO	J01CE01
PEN G PO	S01AA14
PEN NEEDLE, DIABETI	N/A
PEN NEEDLE, DIABETIC, SAFET	N/A
PEN NEEDLE,DUAL SAFETY,DIABET	N/A
PENCICLOVI	D06BB06
PENCICLOVI	J05AB13
PENICILLAMIN	M01CC01
PENICILLIN G BENZATHIN	J01CE01
PENICILLIN G BENZATHIN	J01CE08
PENICILLIN G BENZATHIN	S01AA14
PENICILLIN G POTASSIU	J01CE01
PENICILLIN G POTASSIU	S01AA14
PENICILLIN G SODIU	J01CE01
PENICILLIN G SODIU	S01AA14
PENICILLIN V POTASSIU	J01CE02
PENTAMIDINE ISETHIONAT	P01CX01
PENTAZOCINE 	N02AD01
PENTOSAN POLYSULFATE SODIU	C05BA04
PENTOSAN POLYSULFATE SODIU	G04BX15
PENTOXIFYLLIN	C04AD03
PERAMPANE	N03AX22
PERINDOPRIL ERBUMIN	C09AA04
PERIT. DIALYSIS#6 & DEX 1.5 	N/A
PERMETHRI	P03AC04
PERPHENAZIN	N05AB03
PERTUZUMA	L01XC13
PETROLATUM,WHIT	N/A
PHENAZOPYRIDINE 	G04BX06
PHENDIMETRAZINE TARTRAT	N/A
PHENELZINE SULFAT	N06AF03
PHENOBARBITA	N03AA02
PHENOBARBITAL SODIU	N03AA02
PHENOXYBENZAMINE 	C04AX02
PHENTERMINE 	C01CA11
PHENTOLAMINE MESYLAT	C04AB01
PHENTOLAMINE MESYLAT	V03AB36
PHENYLEPHRINE 	C01CA06
PHENYLEPHRINE 	R01AA04
PHENYLEPHRINE 	R01AB01
PHENYLEPHRINE 	R01BA03
PHENYLEPHRINE 	S01FB01
PHENYLEPHRINE 	S01GA05
PHENYTOI	N03AB04
PHENYTOIN SODIU	N03AB05
PHENYTOIN SODIUM EXTENDE	N/A
PHOSPHORUS #	N/A
PILOCARPINE 	N07AX01
PILOCARPINE 	S01EB01
PIMECROLIMU	D11AH02
PIMOZID	N05AG02
PINDOLO	C07AA03
PIOGLITAZONE 	A10BG03
PIPERACILLIN SODIU	J01CA12
PIPERACILLIN-TAZO-DEXTROSE,IS	N/A
PIRFENIDON	L04AX05
PIROXICA	M01AC01
PIROXICA	M02AA07
PIROXICA	S01BC06
PITAVASTATIN CALCIU	C10AA08
PLERIXAFO	L03AX16
PN8	N/A
PNEUMOC 13-VAL CONJ-DIP CR	N/A
PNV #1	N/A
PNV #3	N/A
PNV #7	N/A
PNV #8	N/A
PNV 11-IRON FUM-FOLIC ACID-OM	N/A
PNV 1	N/A
PNV COMBO#4	N/A
PNV NO.11	N/A
PNV NO1	N/A
PNV W-CA #4	N/A
PNV W-CA NO.3	N/A
PNV WITH CA	N/A
PNV WITH C	N/A
PNV WITH CA,N	N/A
PNV#1	N/A
PNV#2	N/A
PNV#6	N/A
PNV11	N/A
PNV	N/A
PNV2	N/A
PNV5	N/A
PNV6	N/A
PNV7	N/A
PODOFILO	D06BB04
POLIOMYELITIS VACCINE, KILLE	N/A
POLYETHYLENE GLYCOL 335	A06AD15
POLYMYXIN B SUL	A07AA05
POLYMYXIN B SUL	J01XB02
POLYMYXIN B SUL	S01AA18
POLYMYXIN B SUL	S02AA11
POLYMYXIN B SUL	S03AA03
POLYMYXIN B SULFAT	A07AA05
POLYMYXIN B SULFAT	J01XB02
POLYMYXIN B SULFAT	S01AA18
POLYMYXIN B SULFAT	S02AA11
POLYMYXIN B SULFAT	S03AA03
POMALIDOMID	L04AX06
PONATINIB 	L01XE24
POSACONAZOL	J02AC04
POT CHLORID	A12BA01
POT CHLORID	B05XA01
POTASSIUM ACETAT	B05XA17
POTASSIUM BICARBONAT	A12BA04
POTASSIUM CHLORID	A12BA01
POTASSIUM CHLORID	B05XA01
POTASSIUM CHLORIDE IN 0.9%NAC	N/A
POTASSIUM CHLORIDE IN D5	N/A
POTASSIUM CHLORIDE-0.45% NAC	N/A
POTASSIUM CITRAT	A12BA02
POTASSIUM PHOS,M-BASIC-D-BASI	N/A
POTASSIUM PHOSPHATE,MONOBASI	N/A
POVIDONE-IODIN	D08AG02
POVIDONE-IODIN	D09AA09
POVIDONE-IODIN	D11AC06
POVIDONE-IODIN	G01AX11
POVIDONE-IODIN	R02AA15
POVIDONE-IODIN	S01AX18
PRAMIPEXOLE DI-HC	N/A
PRAMLINTIDE ACETAT	A10BX05
PRASUGREL 	B01AC22
PRAVASTATIN SODIU	C10AA03
PRAZOSIN 	C02CA01
PREDNICARBAT	D07AC18
PREDNISOLON	D07AA01
PREDNISOLON	D10AA02
PREDNISOLON	H02AB04
PREDNISOLONE ACETAT	D07AA01
PREDNISOLONE ACETAT	D10AA02
PREDNISOLONE ACETAT	H02AB04
PREDNISOLONE SOD PHOSPHAT	A07EA01
PREDNISOLONE SOD PHOSPHAT	C05AA04
PREDNISOLONE SOD PHOSPHAT	D07AA03
PREDNISOLONE SOD PHOSPHAT	D07XA02
PREDNISOLONE SOD PHOSPHAT	H02AB06
PREDNISOLONE SOD PHOSPHAT	R01AD02
PREDNISOLONE SOD PHOSPHAT	S01BA04
PREDNISOLONE SOD PHOSPHAT	S01CB02
PREDNISOLONE SOD PHOSPHAT	S02BA03
PREDNISOLONE SOD PHOSPHAT	S03BA02
PREDNISON	A07EA03
PREDNISON	H02AB07
PREGABALI	N03AX16
PRENAT VIT COMB.1	N/A
PRENATAL #10	N/A
PRENATAL #5	N/A
PRENATAL #7	N/A
PRENATAL NO.1	N/A
PRENATAL NO.2	N/A
PRENATAL NO.3	N/A
PRENATAL VIT #6	N/A
PRENATAL VIT #7	N/A
PRENATAL VIT 1	N/A
PRENATAL VIT COMB.1	N/A
PRENATAL VIT NO.11	N/A
PRENATAL VIT NO.4	N/A
PRENATAL VIT NO.7	N/A
PRENATAL VI	N/A
PRENATAL VIT27,CALCIU	N/A
PRENATAL VIT3	N/A
PRENATAL VITS #3	N/A
PRENATAL5	N/A
PRIMAQUINE PHOSPHAT	P01BA03
PRIMIDON	N03AA03
PROBENECI	M04AB01
PROCARBAZINE 	L01XB01
PROCHLORPERAZIN	N05AB04
PROCHLORPERAZINE EDISYLAT	N05AB04
PROCHLORPERAZINE MALEAT	N05AB04
PROGESTERON	G03DA04
PROGESTERONE,MICRONIZE	N/A
PROMETHAZINE 	D04AA10
PROMETHAZINE 	R06AD02
PROMETHAZIN	D04AA10
PROMETHAZIN	R06AD02
PROPAFENONE 	C01BC03
PROPANTHELINE BROMID	A03AB05
PROPARACAINE 	S01HA04
PROPRANOLOL 	C07AA05
PROPRANOLO	C07AA05
PROPYLTHIOURACI	H03BA02
PROTRIPTYLINE 	N06AA11
PSEUDOEPHEDRINE 	R01BA02
PYRAZINAMID	J04AK01
PYRIDOSTIGMINE BROMID	N07AA02
PYRIMETHAMIN	P01BD01
QUETIAPINE FUMARAT	N05AH04
QUINAPRIL 	C09AA06
QUINAPRI	C09AA06
QUINIDINE GLUCONAT	C01BA01
QUINIDINE SULFAT	C01BA01
QUININE SULFAT	P01BC01
QUINUPRISTI	N/A
RABEPRAZOLE SODIU	A02BC04
RABIES VACC, HUMAN DIPLOI	N/A
RABIES VACCINE (PCEC	N/A
RALOXIFENE 	G03XC01
RALTEGRAVIR POTASSIU	J05AX08
RAMELTEO	N05CH02
RAMIPRI	C09AA05
RAMUCIRUMA	L01XC21
RANIBIZUMA	S01LA04
RANITIDINE 	A02BA02
RANOLAZIN	C01EB18
RASAGILINE MESYLAT	N04BD02
REGORAFENI	L01XE21
REPAGLINID	A10BX02
RESERPIN	C02AA02
RETAPAMULI	D06AX13
RIBAVIRI	J05AP01
RIFABUTI	J04AB04
RIFAMPI	J04AB02
RIFAPENTIN	J04AB05
RIFAXIMI	A07AA11
RIFAXIMI	D06AX11
RILONACEP	L04AC04
RILPIVIRINE 	J05AG05
RILUZOL	N07XX02
RIMABOTULINUMTOXIN	N/A
RIMANTADINE 	J05AC02
RIMEXOLON	H02AB12
RIMEXOLON	S01BA13
RINGERS SOLUTION,LACTATE	N/A
RIOCIGUA	C02KX05
RISEDRONATE SODIU	M05BA07
RISPERIDON	N05AX08
RISPERIDONE MICROSPHERE	N/A
RITONAVI	J05AE03
RITUXIMA	L01XC02
RIVAROXABA	B01AF01
RIVASTIGMIN	N06DA03
RIVASTIGMINE TARTRAT	N06DA03
RIZATRIPTAN BENZOAT	N02CC04
ROFLUMILAS	R03DX07
ROMIPLOSTI	B02BX04
ROPINIROLE 	N04BC04
ROSIGLITAZONE MALEAT	A10BG02
ROSUVASTATIN CALCIU	C10AA07
ROTIGOTIN	N04BC09
RUFINAMID	N03AF03
RUXOLITINIB PHOSPHAT	L01XE18
SACROSIDAS	A16AB06
SACUBITRI	N/A
SALICYLIC ACI	D01AE12
SALICYLIC ACI	S01BC08
SALMETEROL XINAFOAT	R03AC12
SALSALAT	N02BA06
SAPROPTERIN DIHYDROCHLORID	A16AX07
SAQUINAVIR MESYLAT	J05AE01
SARGRAMOSTI	L03AA09
SAXAGLIPTIN 	A10BH03
SCOPOLAMIN	A04AD01
SCOPOLAMIN	N05CM05
SCOPOLAMIN	S01FA02
SECOBARBITAL SODIU	N05CA06
SECUKINUMA	L04AC10
SELEGILIN	N04BD01
SELEGILINE 	N04BD01
SELENIUM SULFID	D01AE13
SELENIUM SULFID	D11AC03
SERTACONAZOLE NITRAT	D01AC14
SERTACONAZOLE NITRAT	G01AF19
SERTRALINE 	N06AB06
SEVELAMER CARBONAT	V03AE02
SEVELAMER 	V03AE02
SILDENAFIL CITRAT	G04BE03
SILODOSI	G04CA04
SILVER SULFADIAZIN	D06BA01
SILVER SULFADIAZIN	J01EC02
SIMEPREVIR SODIU	J05AP05
SIMVASTATI	C10AA01
SINECATECHIN	D06BB12
SIROLIMU	L04AA10
SIROLIMU	S01XA23
SITAGLIPTIN PHO	A10BH01
SITAGLIPTIN PHOSPHAT	A10BH01
SOD PICOSUL	A06AB08
SO	M01AB03
SO	M02AA21
SODIUM ACETAT	R03DA04
SODIUM BICARBONAT	B05CB04
SODIUM BICARBONAT	B05XA02
SODIUM CHLORID	N/A
SODIUM CHLORIDE 0.45 	N/A
SODIUM CHLORIDE 3 	N/A
SODIUM CHLORIDE FOR INHALATIO	N/A
SODIUM CHLORIDE IRRIG SOLUTIO	N/A
SODIUM FLUORID	A01AA01
SODIUM FLUORID	A12CD01
SODIUM OXYBAT	N01AX11
SODIUM OXYBAT	N07XX04
SODIUM PHENYLBUTYRAT	A16AX03
SODIUM PHOS,M-BASIC-D-BASI	N/A
SODIUM POLYSTYRENE SULFONAT	V03AE01
SODIUM THIOSULFAT	V03AB06
SODIUM,POTASSIUM,&MAG SULFATE	N/A
SODIU	M01AB03
SODIU	M02AA21
SOFOSBUVI	J05AP08
SOLIFENACIN SUCCINAT	G04BD08
SOMATROPI	H01AC01
SORAFENIB TOSYLAT	L01XE05
SOTALOL 	C07AA07
SPIRONOLAC	C03DA01
SPIRONOLACTON	C03DA01
STAVUDIN	J05AF04
STREPTOMYCIN SULFAT	A07AA04
STREPTOMYCIN SULFAT	J01GA01
SUB-Q INSULIN DEVICE, 20 UNI	N/A
SUB-Q INSULIN DEVICE, 30 UNI	N/A
SUB-Q INSULIN DEVICE, 40 UNI	N/A
SUCCIME	N/A
SUCRALFAT	A02BX02
SUCROFERRIC OXYHYDROXID	B03AB02
SULCONAZOLE NITRAT	D01AC09
SULFACETAMIDE SODIU	D10AF06
SULFACETAMIDE SODIU	S01AB04
SULFACETAMID	D10AF06
SULFACETAMID	S01AB04
SULFACETM N	N/A
SULFADIAZIN	D06BA01
SULFADIAZIN	J01EC02
SULFAMETHOXAZOL	J01EE01
SULFASALAZIN	A07EC01
SULINDA	M01AB02
SUMATRIPTA	N02CC01
SUMATRIPTAN SUC	N02CC01
SUMATRIPTAN SUCCINAT	N02CC01
SUNITINIB MALAT	L01XE04
SUVOREXAN	N05CM19
SYR W-NDL,INS 0.3 ML HALF MAR	N/A
SYR,NDL,INSULIN,1ML-SHARPS BI	N/A
SYR-ND,INS,0.	N/A
SYRING W-NDL,DISP,INSUL,0.3 M	N/A
SYRING W-NDL,DISP,INSUL,0.5 M	N/A
SYRINGE AND NEEDLE,INSULIN,1M	N/A
SYRINGE W-NDL, DISP., INSULI	N/A
SYRINGE W-O NEEDL,INSULIN,1 M	N/A
SYRINGE,NEEDLE,INSULN,SAFE,1M	N/A
SYRINGE,NEEDLE,INSULN,SF 0.5M	N/A
TACROLIMU	D11AH01
TACROLIMU	L04AD02
TADALAFI	G04BE08
TAFLUPROS	S01EE05
TALIGLUCERASE ALF	A16AB11
TAMOXIFEN CITRAT	L02BA01
TAMSULOSIN 	G04CA02
TAPENTADOL 	N02AX06
TASIMELTEO	N05CH03
TAVABOROL	D01AE24
TAZAROTEN	D05AX05
TBO-FILGRASTI	L03AA02
TEDIZOLID PHOSPHAT	J01XX11
TEDUGLUTID	A16AX08
TELAVANCIN 	J01XA03
TELBIVUDIN	J05AF11
TELITHROMYCI	J01FA15
TELMISARTA	C09CA07
TEMAZEPA	N05CD07
TEMSIROLIMU	L01XE09
TENOFOVIR DISOPROXIL FUMARAT	J05AF07
TERAZOSIN 	G04CA03
TERBINAFINE 	D01AE15
TERBINAFINE 	D01BA02
TERBUTALINE SULFAT	R03AC03
TERBUTALINE SULFAT	R03CC03
TERCONAZOL	G01AG02
TERIFLUNOMID	L04AA31
TERIPARATID	H05AA02
TESAMORELIN ACETAT	H01AC06
TESTOSTERON	G03BA03
TESTOSTERONE CYPIONAT	G03BA03
TESTOSTERONE ENANTHAT	G03BA03
TESTOSTERONE UNDECANOAT	G03BA03
TETANUS & DIPHTHERIA TOX,ADUL	N/A
TETANUS AND DIPHTHERIA TO	N/A
TETANUS TOXOID, ADSORBE	N/A
TETRABENAZIN	N07XX06
TETRACAINE 	C05AD02
TETRACAINE 	D04AB06
TETRACAINE 	N01BA03
TETRACAINE 	S01HA03
TETRACYCLINE 	A01AB13
TETRACYCLINE 	D06AA04
TETRACYCLINE 	J01AA07
TETRACYCLINE 	S01AA09
TETRACYCLINE 	S02AA08
TETRACYCLINE 	S03AA02
THALIDOMID	L04AX02
THEOPHYLLINE ANHYDROU	N/A
THIOGUANIN	L01BB03
THIORIDAZINE 	N05AC02
THIOTHIXEN	N05AF04
THYROID,POR	N/A
TIAGABINE 	N03AG06
TICAGRELO	B01AC24
TICLOPIDINE 	B01AC05
TIGECYCLIN	J01AA12
TIMOLO	C07AA06
TIMOLO	S01ED01
TIMOLOL MALEAT	C07AA06
TIMOLOL MALEAT	S01ED01
TINIDAZOL	J01XD02
TINIDAZOL	P01AB02
TIOPRONI	G04BX16
TIOTROPIUM B	R03BB04
TIOTROPIUM BROMID	R03BB04
TIPRANAVI	J05AE09
TIZANIDINE 	M03BX02
TOBRAMYCI	J01GB01
TOBRAMYCI	S01AA12
TOBRAMYCIN IN 0.225% NAC	N/A
TOBRAMYCIN SULFAT	J01GB01
TOBRAMYCIN SULFAT	S01AA12
TOCILIZUMA	L04AC07
TOFACITINIB CITRAT	L04AA29
TOLAZAMID	A10BB05
TOLBUTAMID	A10BB03
TOLBUTAMID	V04CA01
TOLCAPON	N04BX01
TOLMETIN SODIU	M01AB03
TOLMETIN SODIU	M02AA21
TOLTERODINE TARTRAT	G04BD07
TOLVAPTA	C03XA01
TOPIRAMAT	N03AX11
TOREMIFENE CITRAT	L02BA02
TORSEMID	C03CA04
TRAMADOL 	N02AX02
TRAMETINIB DIMETHYL SULFOXID	L01XE25
TRANDOLAPRI	C09AA10
TRANEXAMIC ACI	B02AA02
TRANYLCYPROMINE SULFAT	N06AF04
TRASTUZUMA	L01XC03
TRAVOPROS	S01EE04
TRAVOPROST (BENZALKONIUM	N/A
TRAZODONE 	N06AX05
TREPROSTINIL DIOLAMIN	N/A
TREPROSTINIL SODIU	B01AC21
TREPROSTINI	B01AC21
TRETINOI	D10AD01
TRETINOI	L01XX14
TRETINOIN MICROSPHERE	N/A
TRIAMCINOLONE ACETONID	A01AC01
TRIAMCINOLONE ACETONID	C05AA12
TRIAMCINOLONE ACETONID	D07AB09
TRIAMCINOLONE ACETONID	D07XB02
TRIAMCINOLONE ACETONID	H02AB08
TRIAMCINOLONE ACETONID	R01AD11
TRIAMCINOLONE ACETONID	R03BA06
TRIAMCINOLONE ACETONID	S01BA05
TRIAMCINOLON	A01AC01
TRIAMCINOLON	C05AA12
TRIAMCINOLON	D07AB09
TRIAMCINOLON	D07XB02
TRIAMCINOLON	H02AB08
TRIAMCINOLON	R01AD11
TRIAMCINOLON	R03BA06
TRIAMCINOLON	S01BA05
TRIAMTEREN	C03DB02
TRIAZOLA	N05CD05
TRIENTINE 	A16AX12
TRIFLUOPERAZINE 	N05AB06
TRIFLURIDIN	S01AD02
TRIHEXYPHENIDYL 	N04AA01
TRIMETHOBENZAMIDE 	R06AA10
TRIMETHOPRI	J01EA01
TRIMIPRAMINE MALEAT	N06AA06
TRIPTORELIN PAMOAT	L02AE04
TROPICAMID	S01FA06
TROSPIUM CHLORID	G04BD09
TYPHOID VACC VI CAPSULR POLY	N/A
UMECLIDINIUM BR	N/A
UMECLIDINIUM BROMID	R03BB07
URE	B05BC02
URE	D02AE01
URSODIO	A05AA02
USTEKINUMA	L04AC05
VALACYCLOVIR 	J05AB11
VALGANCICLOVIR 	J05AB14
VALPROIC ACI	N03AG01
VALPROIC ACID (AS SODIUM SALT	N/A
VALSARTA	C09CA03
VANCOMYCIN 	A07AA09
VANCOMYCIN 	J01XA01
VANCOMYCIN IN DEXTROSE,ISO-OS	N/A
VANDETANI	L01XE12
VARDENAFIL 	G04BE09
VARENICLINE TARTRAT	N07BA03
VARICELLA VACCINE LIV	J07BK01
VEDOLIZUMA	L04AA33
VELAGLUCERASE ALF	A16AB10
VEMURAFENI	L01XE15
VENLAFAXINE 	N06AX16
VERAPAMIL 	C08DA01
VIGABATRI	N03AG04
VILAZODONE HYDROCHLORID	N06AX24
VINCRISTINE SULFAT	L01CA02
VINORELBINE TARTRAT	L01CA04
VISMODEGI	L01XX43
VIT B CMPLX 	N/A
VIT B CMPLX NO	N/A
VORAPAXAR SULFAT	B01AC26
VORICONAZOL	J02AC03
VORINOSTA	L01XX38
VORTIOXETINE HYDROBROMID	N06AX26
WARFARIN SODIU	B01AA03
WATER FOR IRRIGATION,STERIL	N/A
WEED POLLEN-SHORT RAGWEE	N/A
YELLOW FEVER VACCINE LIV	N/A
ZAFIRLUKAS	R03DC01
ZALEPLO	N05CF03
ZANAMIVI	J05AH01
ZIDOVUDIN	J05AF01
ZILEUTO	N/A
ZIPRASIDONE 	N05AE04
ZIPRASIDONE MESYLAT	N05AE04
ZOLEDRONIC ACI	M05BA08
ZOLMITRIPTA	N02CC03
ZOLPIDEM TARTRAT	N05CF02
ZONISAMID	N03AX15
ZOSTER VACCINE LIV	N/A
